{
  "Welcome back": "Welcome back",
  "Join the world's largest community": "Join the world's largest community",
  "OR": "OR",
  "Email Address": "Email Address",
  "Email": "Email",
  "Password": "Password",
  "Remember Username & Password": "Remember Username & Password",
  "Forgot password?": "Forgot password?",
  "Login": "Login",
  "Create new account": "Create new account",
  "or sign up": "or sign up",
  "Sign in with Google": "Sign in with Google",

  "Verify OTP": "Verify OTP",
  "We have sent OTP on your": "We have sent OTP on your",
  "Please enter OTP and verify your account.": "Please enter OTP and verify your account.",
  "Enter OTP": "Enter OTP",
  "Verify": "Verify",
  "Resend OTP": "Resend OTP",

  "Have an account?": "Have an account?",
  "Log in": "Log in",
  "Profile": "Profile",
  "Name": "Name",
  "User name": "User name",
  "Phone number": "Phone number",
  "Birth Date": "Birth Date",
  "Male": "Male",
  "Gender": "Gender",
  "Female": "Female",
  "Other": "Other",
  "State": "State",
  "Select State": "Select State",
  "Gujarat": "Gujarat",
  "Maharashtra": "Maharashtra",
  "Rajasthan": "Rajasthan",
  "Delhi": "Delhi",
  "Hobby": "Hobby",
  "Programming": "Programming",
  "Reading": "Reading",
  "Gaming": "Gaming",
  "Riding": "Riding",
  "Submit": "Submit",
  "Cancel": "Cancel"
}