{
  "Welcome back": "वापसी पर स्वागत है",
  "Join the world's largest community": "दुनिया के सबसे बड़े समुदाय में शामिल हों",
  "OR": "या",
  "Email Address": "ईमेल पता",
  "Email": "ईमेल",
  "Password": "पासवर्ड",
  "Remember Username & Password": "उपयोगकर्ता नाम और पासवर्ड याद रखें",
  "Forgot password?": "पासवर्ड भूल गए?",
  "Login": "लॉग इन करें",
  "Create new account": "नया खाता बनाएँ",
  "or sign up": "या साइन अप करें",
  "Sign in with Google": "गूगल के साथ साइन इन करें"
}